"run","disturbance","costPromotiveDecRate","uplandAmount","costDemotiveRes","disturbanceDelay","infert","costDemotiveDecRate","costPromotiveIncRate","fecundityPromotiveIncRate","gravityConstant","obTargetID","obSourceID","fecundityPromotiveRes","importsConstant","costDemotiveMax","fecundityPromotiveMax","importsCoefficient","fecundityDemotiveIncRate","costPromotiveRes","fecundityDemotiveDecRate","fecundityDemotiveMax","fecundityDemotiveRes","costPromotiveMax","randomSeed","importsDistanceDecayTerm","fecundityPromotiveDecRate","trafficLongCoefficient","costDemotiveIncRate","trafficShortCoefficient","migrationDistanceThreshold"
7,0.0,1.0,6,1.0,0,15,1.0,0.1,0.5,1.0,41,1,1.0,0.5,20.0,20.0,2.0,0.25,0.0,0.05,10.0,1.0,0.9999,-1296569005,2.0,1.0,0.03,0.05,0.05,100.0
14,0.0,1.0,13,1.0,0,15,1.0,0.1,0.5,1.0,41,1,1.0,0.5,20.0,20.0,2.0,0.25,0.0,0.05,10.0,1.0,0.9999,-1296561383,2.0,1.0,0.03,0.05,0.05,100.0
21,0.0,1.0,20,1.0,0,15,1.0,0.1,0.5,1.0,41,1,1.0,0.5,20.0,20.0,2.0,0.25,0.0,0.05,10.0,1.0,0.9999,-1296556679,2.0,1.0,0.03,0.05,0.05,100.0
28,0.0,1.0,27,1.0,0,15,1.0,0.1,0.5,1.0,41,1,1.0,0.5,20.0,20.0,2.0,0.25,0.0,0.05,10.0,1.0,0.9999,-1296550568,2.0,1.0,0.03,0.05,0.05,100.0
35,0.0,1.0,34,1.0,0,15,1.0,0.1,0.5,1.0,41,1,1.0,0.5,20.0,20.0,2.0,0.25,0.0,0.05,10.0,1.0,0.9999,-1296542703,2.0,1.0,0.03,0.05,0.05,100.0
42,0.0,1.0,41,1.0,0,15,1.0,0.1,0.5,1.0,41,1,1.0,0.5,20.0,20.0,2.0,0.25,0.0,0.05,10.0,1.0,0.9999,-1296533198,2.0,1.0,0.03,0.05,0.05,100.0
49,0.0,1.0,48,1.0,0,15,1.0,0.1,0.5,1.0,41,1,1.0,0.5,20.0,20.0,2.0,0.25,0.0,0.05,10.0,1.0,0.9999,-1296522114,2.0,1.0,0.03,0.05,0.05,100.0
56,0.0,1.0,55,1.0,0,15,1.0,0.1,0.5,1.0,41,1,1.0,0.5,20.0,20.0,2.0,0.25,0.0,0.05,10.0,1.0,0.9999,-1296508893,2.0,1.0,0.03,0.05,0.05,100.0
63,0.0,1.0,62,1.0,0,15,1.0,0.1,0.5,1.0,41,1,1.0,0.5,20.0,20.0,2.0,0.25,0.0,0.05,10.0,1.0,0.9999,-1296493972,2.0,1.0,0.03,0.05,0.05,100.0
70,0.0,1.0,69,1.0,0,15,1.0,0.1,0.5,1.0,41,1,1.0,0.5,20.0,20.0,2.0,0.25,0.0,0.05,10.0,1.0,0.9999,-1296478978,2.0,1.0,0.03,0.05,0.05,100.0
77,0.0,1.0,76,1.0,0,15,1.0,0.1,0.5,1.0,41,1,1.0,0.5,20.0,20.0,2.0,0.25,0.0,0.05,10.0,1.0,0.9999,-1296464235,2.0,1.0,0.03,0.05,0.05,100.0
84,0.0,1.0,83,1.0,0,15,1.0,0.1,0.5,1.0,41,1,1.0,0.5,20.0,20.0,2.0,0.25,0.0,0.05,10.0,1.0,0.9999,-1296450422,2.0,1.0,0.03,0.05,0.05,100.0
91,0.0,1.0,90,1.0,0,15,1.0,0.1,0.5,1.0,41,1,1.0,0.5,20.0,20.0,2.0,0.25,0.0,0.05,10.0,1.0,0.9999,-1296436331,2.0,1.0,0.03,0.05,0.05,100.0
98,0.0,1.0,97,1.0,0,15,1.0,0.1,0.5,1.0,41,1,1.0,0.5,20.0,20.0,2.0,0.25,0.0,0.05,10.0,1.0,0.9999,-1296422953,2.0,1.0,0.03,0.05,0.05,100.0
105,0.0,1.0,104,1.0,0,15,1.0,0.1,0.5,1.0,41,1,1.0,0.5,20.0,20.0,2.0,0.25,0.0,0.05,10.0,1.0,0.9999,-1296407787,2.0,1.0,0.03,0.05,0.05,100.0
112,0.0,1.0,111,1.0,0,15,1.0,0.1,0.5,1.0,41,1,1.0,0.5,20.0,20.0,2.0,0.25,0.0,0.05,10.0,1.0,0.9999,-1296394708,2.0,1.0,0.03,0.05,0.05,100.0
119,0.0,1.0,118,1.0,0,15,1.0,0.1,0.5,1.0,41,1,1.0,0.5,20.0,20.0,2.0,0.25,0.0,0.05,10.0,1.0,0.9999,-1296380363,2.0,1.0,0.03,0.05,0.05,100.0
126,0.0,1.0,125,1.0,0,15,1.0,0.1,0.5,1.0,41,1,1.0,0.5,20.0,20.0,2.0,0.25,0.0,0.05,10.0,1.0,0.9999,-1296367618,2.0,1.0,0.03,0.05,0.05,100.0
133,0.0,1.0,132,1.0,0,15,1.0,0.1,0.5,1.0,41,1,1.0,0.5,20.0,20.0,2.0,0.25,0.0,0.05,10.0,1.0,0.9999,-1296353298,2.0,1.0,0.03,0.05,0.05,100.0
140,0.0,1.0,139,1.0,0,15,1.0,0.1,0.5,1.0,41,1,1.0,0.5,20.0,20.0,2.0,0.25,0.0,0.05,10.0,1.0,0.9999,-1296339624,2.0,1.0,0.03,0.05,0.05,100.0
147,0.0,1.0,146,1.0,0,15,1.0,0.1,0.5,1.0,41,1,1.0,0.5,20.0,20.0,2.0,0.25,0.0,0.05,10.0,1.0,0.9999,-1296327445,2.0,1.0,0.03,0.05,0.05,100.0
154,0.0,1.0,153,1.0,0,15,1.0,0.1,0.5,1.0,41,1,1.0,0.5,20.0,20.0,2.0,0.25,0.0,0.05,10.0,1.0,0.9999,-1296314132,2.0,1.0,0.03,0.05,0.05,100.0
161,0.0,1.0,160,1.0,0,15,1.0,0.1,0.5,1.0,41,1,1.0,0.5,20.0,20.0,2.0,0.25,0.0,0.05,10.0,1.0,0.9999,-1296300649,2.0,1.0,0.03,0.05,0.05,100.0
168,0.0,1.0,167,1.0,0,15,1.0,0.1,0.5,1.0,41,1,1.0,0.5,20.0,20.0,2.0,0.25,0.0,0.05,10.0,1.0,0.9999,-1296289515,2.0,1.0,0.03,0.05,0.05,100.0
175,0.0,1.0,174,1.0,0,15,1.0,0.1,0.5,1.0,41,1,1.0,0.5,20.0,20.0,2.0,0.25,0.0,0.05,10.0,1.0,0.9999,-1296277667,2.0,1.0,0.03,0.05,0.05,100.0
182,0.0,1.0,181,1.0,0,15,1.0,0.1,0.5,1.0,41,1,1.0,0.5,20.0,20.0,2.0,0.25,0.0,0.05,10.0,1.0,0.9999,-1296267097,2.0,1.0,0.03,0.05,0.05,100.0
189,0.0,1.0,188,1.0,0,15,1.0,0.1,0.5,1.0,41,1,1.0,0.5,20.0,20.0,2.0,0.25,0.0,0.05,10.0,1.0,0.9999,-1296256446,2.0,1.0,0.03,0.05,0.05,100.0
196,0.0,1.0,195,1.0,0,15,1.0,0.1,0.5,1.0,41,1,1.0,0.5,20.0,20.0,2.0,0.25,0.0,0.05,10.0,1.0,0.9999,-1296245984,2.0,1.0,0.03,0.05,0.05,100.0
203,0.0,1.0,202,1.0,0,15,1.0,0.1,0.5,1.0,41,1,1.0,0.5,20.0,20.0,2.0,0.25,0.0,0.05,10.0,1.0,0.9999,-1296236570,2.0,1.0,0.03,0.05,0.05,100.0
210,0.0,1.0,209,1.0,0,15,1.0,0.1,0.5,1.0,41,1,1.0,0.5,20.0,20.0,2.0,0.25,0.0,0.05,10.0,1.0,0.9999,-1296226142,2.0,1.0,0.03,0.05,0.05,100.0
217,0.0,1.0,216,1.0,0,15,1.0,0.1,0.5,1.0,41,1,1.0,0.5,20.0,20.0,2.0,0.25,0.0,0.05,10.0,1.0,0.9999,-1296216721,2.0,1.0,0.03,0.05,0.05,100.0
224,0.0,1.0,223,1.0,0,15,1.0,0.1,0.5,1.0,41,1,1.0,0.5,20.0,20.0,2.0,0.25,0.0,0.05,10.0,1.0,0.9999,-1296208394,2.0,1.0,0.03,0.05,0.05,100.0
231,0.0,1.0,230,1.0,0,15,1.0,0.1,0.5,1.0,41,1,1.0,0.5,20.0,20.0,2.0,0.25,0.0,0.05,10.0,1.0,0.9999,-1296201872,2.0,1.0,0.03,0.05,0.05,100.0
238,0.0,1.0,237,1.0,0,15,1.0,0.1,0.5,1.0,41,1,1.0,0.5,20.0,20.0,2.0,0.25,0.0,0.05,10.0,1.0,0.9999,-1296193726,2.0,1.0,0.03,0.05,0.05,100.0
245,0.0,1.0,244,1.0,0,15,1.0,0.1,0.5,1.0,41,1,1.0,0.5,20.0,20.0,2.0,0.25,0.0,0.05,10.0,1.0,0.9999,-1296186009,2.0,1.0,0.03,0.05,0.05,100.0
252,0.0,1.0,251,1.0,0,15,1.0,0.1,0.5,1.0,41,1,1.0,0.5,20.0,20.0,2.0,0.25,0.0,0.05,10.0,1.0,0.9999,-1296178420,2.0,1.0,0.03,0.05,0.05,100.0
259,0.0,1.0,258,1.0,0,15,1.0,0.1,0.5,1.0,41,1,1.0,0.5,20.0,20.0,2.0,0.25,0.0,0.05,10.0,1.0,0.9999,-1296170473,2.0,1.0,0.03,0.05,0.05,100.0
266,0.0,1.0,265,1.0,0,15,1.0,0.1,0.5,1.0,41,1,1.0,0.5,20.0,20.0,2.0,0.25,0.0,0.05,10.0,1.0,0.9999,-1296162386,2.0,1.0,0.03,0.05,0.05,100.0
273,0.0,1.0,272,1.0,0,15,1.0,0.1,0.5,1.0,41,1,1.0,0.5,20.0,20.0,2.0,0.25,0.0,0.05,10.0,1.0,0.9999,-1296154919,2.0,1.0,0.03,0.05,0.05,100.0
280,0.0,1.0,279,1.0,0,15,1.0,0.1,0.5,1.0,41,1,1.0,0.5,20.0,20.0,2.0,0.25,0.0,0.05,10.0,1.0,0.9999,-1296147539,2.0,1.0,0.03,0.05,0.05,100.0
287,0.0,1.0,286,1.0,0,15,1.0,0.1,0.5,1.0,41,1,1.0,0.5,20.0,20.0,2.0,0.25,0.0,0.05,10.0,1.0,0.9999,-1296139626,2.0,1.0,0.03,0.05,0.05,100.0
6,0.0,1.0,5,1.0,0,15,1.0,0.1,0.5,1.0,41,1,1.0,0.5,20.0,20.0,2.0,0.25,0.0,0.05,10.0,1.0,0.9999,-1296568388,2.0,1.0,0.03,0.05,0.05,100.0
13,0.0,1.0,12,1.0,0,15,1.0,0.1,0.5,1.0,41,1,1.0,0.5,20.0,20.0,2.0,0.25,0.0,0.05,10.0,1.0,0.9999,-1296561206,2.0,1.0,0.03,0.05,0.05,100.0
20,0.0,1.0,19,1.0,0,15,1.0,0.1,0.5,1.0,41,1,1.0,0.5,20.0,20.0,2.0,0.25,0.0,0.05,10.0,1.0,0.9999,-1296556730,2.0,1.0,0.03,0.05,0.05,100.0
27,0.0,1.0,26,1.0,0,15,1.0,0.1,0.5,1.0,41,1,1.0,0.5,20.0,20.0,2.0,0.25,0.0,0.05,10.0,1.0,0.9999,-1296551325,2.0,1.0,0.03,0.05,0.05,100.0
34,0.0,1.0,33,1.0,0,15,1.0,0.1,0.5,1.0,41,1,1.0,0.5,20.0,20.0,2.0,0.25,0.0,0.05,10.0,1.0,0.9999,-1296543306,2.0,1.0,0.03,0.05,0.05,100.0
41,0.0,1.0,40,1.0,0,15,1.0,0.1,0.5,1.0,41,1,1.0,0.5,20.0,20.0,2.0,0.25,0.0,0.05,10.0,1.0,0.9999,-1296534068,2.0,1.0,0.03,0.05,0.05,100.0
48,0.0,1.0,47,1.0,0,15,1.0,0.1,0.5,1.0,41,1,1.0,0.5,20.0,20.0,2.0,0.25,0.0,0.05,10.0,1.0,0.9999,-1296524015,2.0,1.0,0.03,0.05,0.05,100.0
55,0.0,1.0,54,1.0,0,15,1.0,0.1,0.5,1.0,41,1,1.0,0.5,20.0,20.0,2.0,0.25,0.0,0.05,10.0,1.0,0.9999,-1296511934,2.0,1.0,0.03,0.05,0.05,100.0
62,0.0,1.0,61,1.0,0,15,1.0,0.1,0.5,1.0,41,1,1.0,0.5,20.0,20.0,2.0,0.25,0.0,0.05,10.0,1.0,0.9999,-1296498274,2.0,1.0,0.03,0.05,0.05,100.0
69,0.0,1.0,68,1.0,0,15,1.0,0.1,0.5,1.0,41,1,1.0,0.5,20.0,20.0,2.0,0.25,0.0,0.05,10.0,1.0,0.9999,-1296483416,2.0,1.0,0.03,0.05,0.05,100.0
76,0.0,1.0,75,1.0,0,15,1.0,0.1,0.5,1.0,41,1,1.0,0.5,20.0,20.0,2.0,0.25,0.0,0.05,10.0,1.0,0.9999,-1296468936,2.0,1.0,0.03,0.05,0.05,100.0
83,0.0,1.0,82,1.0,0,15,1.0,0.1,0.5,1.0,41,1,1.0,0.5,20.0,20.0,2.0,0.25,0.0,0.05,10.0,1.0,0.9999,-1296453909,2.0,1.0,0.03,0.05,0.05,100.0
90,0.0,1.0,89,1.0,0,15,1.0,0.1,0.5,1.0,41,1,1.0,0.5,20.0,20.0,2.0,0.25,0.0,0.05,10.0,1.0,0.9999,-1296439209,2.0,1.0,0.03,0.05,0.05,100.0
97,0.0,1.0,96,1.0,0,15,1.0,0.1,0.5,1.0,41,1,1.0,0.5,20.0,20.0,2.0,0.25,0.0,0.05,10.0,1.0,0.9999,-1296426424,2.0,1.0,0.03,0.05,0.05,100.0
104,0.0,1.0,103,1.0,0,15,1.0,0.1,0.5,1.0,41,1,1.0,0.5,20.0,20.0,2.0,0.25,0.0,0.05,10.0,1.0,0.9999,-1296413303,2.0,1.0,0.03,0.05,0.05,100.0
111,0.0,1.0,110,1.0,0,15,1.0,0.1,0.5,1.0,41,1,1.0,0.5,20.0,20.0,2.0,0.25,0.0,0.05,10.0,1.0,0.9999,-1296399544,2.0,1.0,0.03,0.05,0.05,100.0
118,0.0,1.0,117,1.0,0,15,1.0,0.1,0.5,1.0,41,1,1.0,0.5,20.0,20.0,2.0,0.25,0.0,0.05,10.0,1.0,0.9999,-1296385990,2.0,1.0,0.03,0.05,0.05,100.0
125,0.0,1.0,124,1.0,0,15,1.0,0.1,0.5,1.0,41,1,1.0,0.5,20.0,20.0,2.0,0.25,0.0,0.05,10.0,1.0,0.9999,-1296372903,2.0,1.0,0.03,0.05,0.05,100.0
132,0.0,1.0,131,1.0,0,15,1.0,0.1,0.5,1.0,41,1,1.0,0.5,20.0,20.0,2.0,0.25,0.0,0.05,10.0,1.0,0.9999,-1296359348,2.0,1.0,0.03,0.05,0.05,100.0
139,0.0,1.0,138,1.0,0,15,1.0,0.1,0.5,1.0,41,1,1.0,0.5,20.0,20.0,2.0,0.25,0.0,0.05,10.0,1.0,0.9999,-1296346352,2.0,1.0,0.03,0.05,0.05,100.0
146,0.0,1.0,145,1.0,0,15,1.0,0.1,0.5,1.0,41,1,1.0,0.5,20.0,20.0,2.0,0.25,0.0,0.05,10.0,1.0,0.9999,-1296333236,2.0,1.0,0.03,0.05,0.05,100.0
153,0.0,1.0,152,1.0,0,15,1.0,0.1,0.5,1.0,41,1,1.0,0.5,20.0,20.0,2.0,0.25,0.0,0.05,10.0,1.0,0.9999,-1296320846,2.0,1.0,0.03,0.05,0.05,100.0
160,0.0,1.0,159,1.0,0,15,1.0,0.1,0.5,1.0,41,1,1.0,0.5,20.0,20.0,2.0,0.25,0.0,0.05,10.0,1.0,0.9999,-1296308548,2.0,1.0,0.03,0.05,0.05,100.0
167,0.0,1.0,166,1.0,0,15,1.0,0.1,0.5,1.0,41,1,1.0,0.5,20.0,20.0,2.0,0.25,0.0,0.05,10.0,1.0,0.9999,-1296296957,2.0,1.0,0.03,0.05,0.05,100.0
174,0.0,1.0,173,1.0,0,15,1.0,0.1,0.5,1.0,41,1,1.0,0.5,20.0,20.0,2.0,0.25,0.0,0.05,10.0,1.0,0.9999,-1296285952,2.0,1.0,0.03,0.05,0.05,100.0
181,0.0,1.0,180,1.0,0,15,1.0,0.1,0.5,1.0,41,1,1.0,0.5,20.0,20.0,2.0,0.25,0.0,0.05,10.0,1.0,0.9999,-1296275734,2.0,1.0,0.03,0.05,0.05,100.0
188,0.0,1.0,187,1.0,0,15,1.0,0.1,0.5,1.0,41,1,1.0,0.5,20.0,20.0,2.0,0.25,0.0,0.05,10.0,1.0,0.9999,-1296265399,2.0,1.0,0.03,0.05,0.05,100.0
195,0.0,1.0,194,1.0,0,15,1.0,0.1,0.5,1.0,41,1,1.0,0.5,20.0,20.0,2.0,0.25,0.0,0.05,10.0,1.0,0.9999,-1296254997,2.0,1.0,0.03,0.05,0.05,100.0
202,0.0,1.0,201,1.0,0,15,1.0,0.1,0.5,1.0,41,1,1.0,0.5,20.0,20.0,2.0,0.25,0.0,0.05,10.0,1.0,0.9999,-1296245148,2.0,1.0,0.03,0.05,0.05,100.0
209,0.0,1.0,208,1.0,0,15,1.0,0.1,0.5,1.0,41,1,1.0,0.5,20.0,20.0,2.0,0.25,0.0,0.05,10.0,1.0,0.9999,-1296235570,2.0,1.0,0.03,0.05,0.05,100.0
216,0.0,1.0,215,1.0,0,15,1.0,0.1,0.5,1.0,41,1,1.0,0.5,20.0,20.0,2.0,0.25,0.0,0.05,10.0,1.0,0.9999,-1296226273,2.0,1.0,0.03,0.05,0.05,100.0
223,0.0,1.0,222,1.0,0,15,1.0,0.1,0.5,1.0,41,1,1.0,0.5,20.0,20.0,2.0,0.25,0.0,0.05,10.0,1.0,0.9999,-1296218274,2.0,1.0,0.03,0.05,0.05,100.0
230,0.0,1.0,229,1.0,0,15,1.0,0.1,0.5,1.0,41,1,1.0,0.5,20.0,20.0,2.0,0.25,0.0,0.05,10.0,1.0,0.9999,-1296210178,2.0,1.0,0.03,0.05,0.05,100.0
237,0.0,1.0,236,1.0,0,15,1.0,0.1,0.5,1.0,41,1,1.0,0.5,20.0,20.0,2.0,0.25,0.0,0.05,10.0,1.0,0.9999,-1296201955,2.0,1.0,0.03,0.05,0.05,100.0
244,0.0,1.0,243,1.0,0,15,1.0,0.1,0.5,1.0,41,1,1.0,0.5,20.0,20.0,2.0,0.25,0.0,0.05,10.0,1.0,0.9999,-1296193984,2.0,1.0,0.03,0.05,0.05,100.0
251,0.0,1.0,250,1.0,0,15,1.0,0.1,0.5,1.0,41,1,1.0,0.5,20.0,20.0,2.0,0.25,0.0,0.05,10.0,1.0,0.9999,-1296186997,2.0,1.0,0.03,0.05,0.05,100.0
258,0.0,1.0,257,1.0,0,15,1.0,0.1,0.5,1.0,41,1,1.0,0.5,20.0,20.0,2.0,0.25,0.0,0.05,10.0,1.0,0.9999,-1296179100,2.0,1.0,0.03,0.05,0.05,100.0
265,0.0,1.0,264,1.0,0,15,1.0,0.1,0.5,1.0,41,1,1.0,0.5,20.0,20.0,2.0,0.25,0.0,0.05,10.0,1.0,0.9999,-1296171605,2.0,1.0,0.03,0.05,0.05,100.0
272,0.0,1.0,271,1.0,0,15,1.0,0.1,0.5,1.0,41,1,1.0,0.5,20.0,20.0,2.0,0.25,0.0,0.05,10.0,1.0,0.9999,-1296163527,2.0,1.0,0.03,0.05,0.05,100.0
279,0.0,1.0,278,1.0,0,15,1.0,0.1,0.5,1.0,41,1,1.0,0.5,20.0,20.0,2.0,0.25,0.0,0.05,10.0,1.0,0.9999,-1296156671,2.0,1.0,0.03,0.05,0.05,100.0
286,0.0,1.0,285,1.0,0,15,1.0,0.1,0.5,1.0,41,1,1.0,0.5,20.0,20.0,2.0,0.25,0.0,0.05,10.0,1.0,0.9999,-1296148049,2.0,1.0,0.03,0.05,0.05,100.0
5,0.0,1.0,4,1.0,0,15,1.0,0.1,0.5,1.0,41,1,1.0,0.5,20.0,20.0,2.0,0.25,0.0,0.05,10.0,1.0,0.9999,-1296566893,2.0,1.0,0.03,0.05,0.05,100.0
12,0.0,1.0,11,1.0,0,15,1.0,0.1,0.5,1.0,41,1,1.0,0.5,20.0,20.0,2.0,0.25,0.0,0.05,10.0,1.0,0.9999,-1296560033,2.0,1.0,0.03,0.05,0.05,100.0
19,0.0,1.0,18,1.0,0,15,1.0,0.1,0.5,1.0,41,1,1.0,0.5,20.0,20.0,2.0,0.25,0.0,0.05,10.0,1.0,0.9999,-1296555075,2.0,1.0,0.03,0.05,0.05,100.0
26,0.0,1.0,25,1.0,0,15,1.0,0.1,0.5,1.0,41,1,1.0,0.5,20.0,20.0,2.0,0.25,0.0,0.05,10.0,1.0,0.9999,-1296549656,2.0,1.0,0.03,0.05,0.05,100.0
33,0.0,1.0,32,1.0,0,15,1.0,0.1,0.5,1.0,41,1,1.0,0.5,20.0,20.0,2.0,0.25,0.0,0.05,10.0,1.0,0.9999,-1296542266,2.0,1.0,0.03,0.05,0.05,100.0
40,0.0,1.0,39,1.0,0,15,1.0,0.1,0.5,1.0,41,1,1.0,0.5,20.0,20.0,2.0,0.25,0.0,0.05,10.0,1.0,0.9999,-1296532829,2.0,1.0,0.03,0.05,0.05,100.0
47,0.0,1.0,46,1.0,0,15,1.0,0.1,0.5,1.0,41,1,1.0,0.5,20.0,20.0,2.0,0.25,0.0,0.05,10.0,1.0,0.9999,-1296522274,2.0,1.0,0.03,0.05,0.05,100.0
54,0.0,1.0,53,1.0,0,15,1.0,0.1,0.5,1.0,41,1,1.0,0.5,20.0,20.0,2.0,0.25,0.0,0.05,10.0,1.0,0.9999,-1296510512,2.0,1.0,0.03,0.05,0.05,100.0
61,0.0,1.0,60,1.0,0,15,1.0,0.1,0.5,1.0,41,1,1.0,0.5,20.0,20.0,2.0,0.25,0.0,0.05,10.0,1.0,0.9999,-1296497000,2.0,1.0,0.03,0.05,0.05,100.0
68,0.0,1.0,67,1.0,0,15,1.0,0.1,0.5,1.0,41,1,1.0,0.5,20.0,20.0,2.0,0.25,0.0,0.05,10.0,1.0,0.9999,-1296482654,2.0,1.0,0.03,0.05,0.05,100.0
75,0.0,1.0,74,1.0,0,15,1.0,0.1,0.5,1.0,41,1,1.0,0.5,20.0,20.0,2.0,0.25,0.0,0.05,10.0,1.0,0.9999,-1296467801,2.0,1.0,0.03,0.05,0.05,100.0
82,0.0,1.0,81,1.0,0,15,1.0,0.1,0.5,1.0,41,1,1.0,0.5,20.0,20.0,2.0,0.25,0.0,0.05,10.0,1.0,0.9999,-1296453016,2.0,1.0,0.03,0.05,0.05,100.0
89,0.0,1.0,88,1.0,0,15,1.0,0.1,0.5,1.0,41,1,1.0,0.5,20.0,20.0,2.0,0.25,0.0,0.05,10.0,1.0,0.9999,-1296439012,2.0,1.0,0.03,0.05,0.05,100.0
96,0.0,1.0,95,1.0,0,15,1.0,0.1,0.5,1.0,41,1,1.0,0.5,20.0,20.0,2.0,0.25,0.0,0.05,10.0,1.0,0.9999,-1296424121,2.0,1.0,0.03,0.05,0.05,100.0
103,0.0,1.0,102,1.0,0,15,1.0,0.1,0.5,1.0,41,1,1.0,0.5,20.0,20.0,2.0,0.25,0.0,0.05,10.0,1.0,0.9999,-1296410024,2.0,1.0,0.03,0.05,0.05,100.0
110,0.0,1.0,109,1.0,0,15,1.0,0.1,0.5,1.0,41,1,1.0,0.5,20.0,20.0,2.0,0.25,0.0,0.05,10.0,1.0,0.9999,-1296395940,2.0,1.0,0.03,0.05,0.05,100.0
117,0.0,1.0,116,1.0,0,15,1.0,0.1,0.5,1.0,41,1,1.0,0.5,20.0,20.0,2.0,0.25,0.0,0.05,10.0,1.0,0.9999,-1296382046,2.0,1.0,0.03,0.05,0.05,100.0
124,0.0,1.0,123,1.0,0,15,1.0,0.1,0.5,1.0,41,1,1.0,0.5,20.0,20.0,2.0,0.25,0.0,0.05,10.0,1.0,0.9999,-1296368736,2.0,1.0,0.03,0.05,0.05,100.0
131,0.0,1.0,130,1.0,0,15,1.0,0.1,0.5,1.0,41,1,1.0,0.5,20.0,20.0,2.0,0.25,0.0,0.05,10.0,1.0,0.9999,-1296356482,2.0,1.0,0.03,0.05,0.05,100.0
138,0.0,1.0,137,1.0,0,15,1.0,0.1,0.5,1.0,41,1,1.0,0.5,20.0,20.0,2.0,0.25,0.0,0.05,10.0,1.0,0.9999,-1296343181,2.0,1.0,0.03,0.05,0.05,100.0
145,0.0,1.0,144,1.0,0,15,1.0,0.1,0.5,1.0,41,1,1.0,0.5,20.0,20.0,2.0,0.25,0.0,0.05,10.0,1.0,0.9999,-1296328940,2.0,1.0,0.03,0.05,0.05,100.0
152,0.0,1.0,151,1.0,0,15,1.0,0.1,0.5,1.0,41,1,1.0,0.5,20.0,20.0,2.0,0.25,0.0,0.05,10.0,1.0,0.9999,-1296315810,2.0,1.0,0.03,0.05,0.05,100.0
159,0.0,1.0,158,1.0,0,15,1.0,0.1,0.5,1.0,41,1,1.0,0.5,20.0,20.0,2.0,0.25,0.0,0.05,10.0,1.0,0.9999,-1296303243,2.0,1.0,0.03,0.05,0.05,100.0
166,0.0,1.0,165,1.0,0,15,1.0,0.1,0.5,1.0,41,1,1.0,0.5,20.0,20.0,2.0,0.25,0.0,0.05,10.0,1.0,0.9999,-1296291369,2.0,1.0,0.03,0.05,0.05,100.0
173,0.0,1.0,172,1.0,0,15,1.0,0.1,0.5,1.0,41,1,1.0,0.5,20.0,20.0,2.0,0.25,0.0,0.05,10.0,1.0,0.9999,-1296280040,2.0,1.0,0.03,0.05,0.05,100.0
180,0.0,1.0,179,1.0,0,15,1.0,0.1,0.5,1.0,41,1,1.0,0.5,20.0,20.0,2.0,0.25,0.0,0.05,10.0,1.0,0.9999,-1296268731,2.0,1.0,0.03,0.05,0.05,100.0
187,0.0,1.0,186,1.0,0,15,1.0,0.1,0.5,1.0,41,1,1.0,0.5,20.0,20.0,2.0,0.25,0.0,0.05,10.0,1.0,0.9999,-1296257647,2.0,1.0,0.03,0.05,0.05,100.0
194,0.0,1.0,193,1.0,0,15,1.0,0.1,0.5,1.0,41,1,1.0,0.5,20.0,20.0,2.0,0.25,0.0,0.05,10.0,1.0,0.9999,-1296247742,2.0,1.0,0.03,0.05,0.05,100.0
201,0.0,1.0,200,1.0,0,15,1.0,0.1,0.5,1.0,41,1,1.0,0.5,20.0,20.0,2.0,0.25,0.0,0.05,10.0,1.0,0.9999,-1296238821,2.0,1.0,0.03,0.05,0.05,100.0
208,0.0,1.0,207,1.0,0,15,1.0,0.1,0.5,1.0,41,1,1.0,0.5,20.0,20.0,2.0,0.25,0.0,0.05,10.0,1.0,0.9999,-1296229359,2.0,1.0,0.03,0.05,0.05,100.0
215,0.0,1.0,214,1.0,0,15,1.0,0.1,0.5,1.0,41,1,1.0,0.5,20.0,20.0,2.0,0.25,0.0,0.05,10.0,1.0,0.9999,-1296221281,2.0,1.0,0.03,0.05,0.05,100.0
222,0.0,1.0,221,1.0,0,15,1.0,0.1,0.5,1.0,41,1,1.0,0.5,20.0,20.0,2.0,0.25,0.0,0.05,10.0,1.0,0.9999,-1296212081,2.0,1.0,0.03,0.05,0.05,100.0
229,0.0,1.0,228,1.0,0,15,1.0,0.1,0.5,1.0,41,1,1.0,0.5,20.0,20.0,2.0,0.25,0.0,0.05,10.0,1.0,0.9999,-1296203946,2.0,1.0,0.03,0.05,0.05,100.0
236,0.0,1.0,235,1.0,0,15,1.0,0.1,0.5,1.0,41,1,1.0,0.5,20.0,20.0,2.0,0.25,0.0,0.05,10.0,1.0,0.9999,-1296196774,2.0,1.0,0.03,0.05,0.05,100.0
243,0.0,1.0,242,1.0,0,15,1.0,0.1,0.5,1.0,41,1,1.0,0.5,20.0,20.0,2.0,0.25,0.0,0.05,10.0,1.0,0.9999,-1296189620,2.0,1.0,0.03,0.05,0.05,100.0
250,0.0,1.0,249,1.0,0,15,1.0,0.1,0.5,1.0,41,1,1.0,0.5,20.0,20.0,2.0,0.25,0.0,0.05,10.0,1.0,0.9999,-1296180532,2.0,1.0,0.03,0.05,0.05,100.0
257,0.0,1.0,256,1.0,0,15,1.0,0.1,0.5,1.0,41,1,1.0,0.5,20.0,20.0,2.0,0.25,0.0,0.05,10.0,1.0,0.9999,-1296173393,2.0,1.0,0.03,0.05,0.05,100.0
264,0.0,1.0,263,1.0,0,15,1.0,0.1,0.5,1.0,41,1,1.0,0.5,20.0,20.0,2.0,0.25,0.0,0.05,10.0,1.0,0.9999,-1296165013,2.0,1.0,0.03,0.05,0.05,100.0
271,0.0,1.0,270,1.0,0,15,1.0,0.1,0.5,1.0,41,1,1.0,0.5,20.0,20.0,2.0,0.25,0.0,0.05,10.0,1.0,0.9999,-1296157269,2.0,1.0,0.03,0.05,0.05,100.0
278,0.0,1.0,277,1.0,0,15,1.0,0.1,0.5,1.0,41,1,1.0,0.5,20.0,20.0,2.0,0.25,0.0,0.05,10.0,1.0,0.9999,-1296149126,2.0,1.0,0.03,0.05,0.05,100.0
285,0.0,1.0,284,1.0,0,15,1.0,0.1,0.5,1.0,41,1,1.0,0.5,20.0,20.0,2.0,0.25,0.0,0.05,10.0,1.0,0.9999,-1296141446,2.0,1.0,0.03,0.05,0.05,100.0
4,0.0,1.0,3,1.0,0,15,1.0,0.1,0.5,1.0,41,1,1.0,0.5,20.0,20.0,2.0,0.25,0.0,0.05,10.0,1.0,0.9999,-1296568072,2.0,1.0,0.03,0.05,0.05,100.0
11,0.0,1.0,10,1.0,0,15,1.0,0.1,0.5,1.0,41,1,1.0,0.5,20.0,20.0,2.0,0.25,0.0,0.05,10.0,1.0,0.9999,-1296560854,2.0,1.0,0.03,0.05,0.05,100.0
18,0.0,1.0,17,1.0,0,15,1.0,0.1,0.5,1.0,41,1,1.0,0.5,20.0,20.0,2.0,0.25,0.0,0.05,10.0,1.0,0.9999,-1296556765,2.0,1.0,0.03,0.05,0.05,100.0
25,0.0,1.0,24,1.0,0,15,1.0,0.1,0.5,1.0,41,1,1.0,0.5,20.0,20.0,2.0,0.25,0.0,0.05,10.0,1.0,0.9999,-1296551113,2.0,1.0,0.03,0.05,0.05,100.0
32,0.0,1.0,31,1.0,0,15,1.0,0.1,0.5,1.0,41,1,1.0,0.5,20.0,20.0,2.0,0.25,0.0,0.05,10.0,1.0,0.9999,-1296543992,2.0,1.0,0.03,0.05,0.05,100.0
39,0.0,1.0,38,1.0,0,15,1.0,0.1,0.5,1.0,41,1,1.0,0.5,20.0,20.0,2.0,0.25,0.0,0.05,10.0,1.0,0.9999,-1296535690,2.0,1.0,0.03,0.05,0.05,100.0
46,0.0,1.0,45,1.0,0,15,1.0,0.1,0.5,1.0,41,1,1.0,0.5,20.0,20.0,2.0,0.25,0.0,0.05,10.0,1.0,0.9999,-1296524653,2.0,1.0,0.03,0.05,0.05,100.0
53,0.0,1.0,52,1.0,0,15,1.0,0.1,0.5,1.0,41,1,1.0,0.5,20.0,20.0,2.0,0.25,0.0,0.05,10.0,1.0,0.9999,-1296514778,2.0,1.0,0.03,0.05,0.05,100.0
60,0.0,1.0,59,1.0,0,15,1.0,0.1,0.5,1.0,41,1,1.0,0.5,20.0,20.0,2.0,0.25,0.0,0.05,10.0,1.0,0.9999,-1296500940,2.0,1.0,0.03,0.05,0.05,100.0
67,0.0,1.0,66,1.0,0,15,1.0,0.1,0.5,1.0,41,1,1.0,0.5,20.0,20.0,2.0,0.25,0.0,0.05,10.0,1.0,0.9999,-1296486133,2.0,1.0,0.03,0.05,0.05,100.0
74,0.0,1.0,73,1.0,0,15,1.0,0.1,0.5,1.0,41,1,1.0,0.5,20.0,20.0,2.0,0.25,0.0,0.05,10.0,1.0,0.9999,-1296471306,2.0,1.0,0.03,0.05,0.05,100.0
81,0.0,1.0,80,1.0,0,15,1.0,0.1,0.5,1.0,41,1,1.0,0.5,20.0,20.0,2.0,0.25,0.0,0.05,10.0,1.0,0.9999,-1296455895,2.0,1.0,0.03,0.05,0.05,100.0
88,0.0,1.0,87,1.0,0,15,1.0,0.1,0.5,1.0,41,1,1.0,0.5,20.0,20.0,2.0,0.25,0.0,0.05,10.0,1.0,0.9999,-1296441911,2.0,1.0,0.03,0.05,0.05,100.0
95,0.0,1.0,94,1.0,0,15,1.0,0.1,0.5,1.0,41,1,1.0,0.5,20.0,20.0,2.0,0.25,0.0,0.05,10.0,1.0,0.9999,-1296426994,2.0,1.0,0.03,0.05,0.05,100.0
102,0.0,1.0,101,1.0,0,15,1.0,0.1,0.5,1.0,41,1,1.0,0.5,20.0,20.0,2.0,0.25,0.0,0.05,10.0,1.0,0.9999,-1296413079,2.0,1.0,0.03,0.05,0.05,100.0
109,0.0,1.0,108,1.0,0,15,1.0,0.1,0.5,1.0,41,1,1.0,0.5,20.0,20.0,2.0,0.25,0.0,0.05,10.0,1.0,0.9999,-1296399463,2.0,1.0,0.03,0.05,0.05,100.0
116,0.0,1.0,115,1.0,0,15,1.0,0.1,0.5,1.0,41,1,1.0,0.5,20.0,20.0,2.0,0.25,0.0,0.05,10.0,1.0,0.9999,-1296385505,2.0,1.0,0.03,0.05,0.05,100.0
123,0.0,1.0,122,1.0,0,15,1.0,0.1,0.5,1.0,41,1,1.0,0.5,20.0,20.0,2.0,0.25,0.0,0.05,10.0,1.0,0.9999,-1296372101,2.0,1.0,0.03,0.05,0.05,100.0
130,0.0,1.0,129,1.0,0,15,1.0,0.1,0.5,1.0,41,1,1.0,0.5,20.0,20.0,2.0,0.25,0.0,0.05,10.0,1.0,0.9999,-1296359210,2.0,1.0,0.03,0.05,0.05,100.0
137,0.0,1.0,136,1.0,0,15,1.0,0.1,0.5,1.0,41,1,1.0,0.5,20.0,20.0,2.0,0.25,0.0,0.05,10.0,1.0,0.9999,-1296345423,2.0,1.0,0.03,0.05,0.05,100.0
144,0.0,1.0,143,1.0,0,15,1.0,0.1,0.5,1.0,41,1,1.0,0.5,20.0,20.0,2.0,0.25,0.0,0.05,10.0,1.0,0.9999,-1296332193,2.0,1.0,0.03,0.05,0.05,100.0
151,0.0,1.0,150,1.0,0,15,1.0,0.1,0.5,1.0,41,1,1.0,0.5,20.0,20.0,2.0,0.25,0.0,0.05,10.0,1.0,0.9999,-1296318738,2.0,1.0,0.03,0.05,0.05,100.0
158,0.0,1.0,157,1.0,0,15,1.0,0.1,0.5,1.0,41,1,1.0,0.5,20.0,20.0,2.0,0.25,0.0,0.05,10.0,1.0,0.9999,-1296306576,2.0,1.0,0.03,0.05,0.05,100.0
165,0.0,1.0,164,1.0,0,15,1.0,0.1,0.5,1.0,41,1,1.0,0.5,20.0,20.0,2.0,0.25,0.0,0.05,10.0,1.0,0.9999,-1296294408,2.0,1.0,0.03,0.05,0.05,100.0
172,0.0,1.0,171,1.0,0,15,1.0,0.1,0.5,1.0,41,1,1.0,0.5,20.0,20.0,2.0,0.25,0.0,0.05,10.0,1.0,0.9999,-1296283332,2.0,1.0,0.03,0.05,0.05,100.0
179,0.0,1.0,178,1.0,0,15,1.0,0.1,0.5,1.0,41,1,1.0,0.5,20.0,20.0,2.0,0.25,0.0,0.05,10.0,1.0,0.9999,-1296272089,2.0,1.0,0.03,0.05,0.05,100.0
186,0.0,1.0,185,1.0,0,15,1.0,0.1,0.5,1.0,41,1,1.0,0.5,20.0,20.0,2.0,0.25,0.0,0.05,10.0,1.0,0.9999,-1296260905,2.0,1.0,0.03,0.05,0.05,100.0
193,0.0,1.0,192,1.0,0,15,1.0,0.1,0.5,1.0,41,1,1.0,0.5,20.0,20.0,2.0,0.25,0.0,0.05,10.0,1.0,0.9999,-1296250398,2.0,1.0,0.03,0.05,0.05,100.0
200,0.0,1.0,199,1.0,0,15,1.0,0.1,0.5,1.0,41,1,1.0,0.5,20.0,20.0,2.0,0.25,0.0,0.05,10.0,1.0,0.9999,-1296240900,2.0,1.0,0.03,0.05,0.05,100.0
207,0.0,1.0,206,1.0,0,15,1.0,0.1,0.5,1.0,41,1,1.0,0.5,20.0,20.0,2.0,0.25,0.0,0.05,10.0,1.0,0.9999,-1296232827,2.0,1.0,0.03,0.05,0.05,100.0
214,0.0,1.0,213,1.0,0,15,1.0,0.1,0.5,1.0,41,1,1.0,0.5,20.0,20.0,2.0,0.25,0.0,0.05,10.0,1.0,0.9999,-1296223453,2.0,1.0,0.03,0.05,0.05,100.0
221,0.0,1.0,220,1.0,0,15,1.0,0.1,0.5,1.0,41,1,1.0,0.5,20.0,20.0,2.0,0.25,0.0,0.05,10.0,1.0,0.9999,-1296214093,2.0,1.0,0.03,0.05,0.05,100.0
228,0.0,1.0,227,1.0,0,15,1.0,0.1,0.5,1.0,41,1,1.0,0.5,20.0,20.0,2.0,0.25,0.0,0.05,10.0,1.0,0.9999,-1296206899,2.0,1.0,0.03,0.05,0.05,100.0
235,0.0,1.0,234,1.0,0,15,1.0,0.1,0.5,1.0,41,1,1.0,0.5,20.0,20.0,2.0,0.25,0.0,0.05,10.0,1.0,0.9999,-1296198142,2.0,1.0,0.03,0.05,0.05,100.0
242,0.0,1.0,241,1.0,0,15,1.0,0.1,0.5,1.0,41,1,1.0,0.5,20.0,20.0,2.0,0.25,0.0,0.05,10.0,1.0,0.9999,-1296191006,2.0,1.0,0.03,0.05,0.05,100.0
249,0.0,1.0,248,1.0,0,15,1.0,0.1,0.5,1.0,41,1,1.0,0.5,20.0,20.0,2.0,0.25,0.0,0.05,10.0,1.0,0.9999,-1296182724,2.0,1.0,0.03,0.05,0.05,100.0
256,0.0,1.0,255,1.0,0,15,1.0,0.1,0.5,1.0,41,1,1.0,0.5,20.0,20.0,2.0,0.25,0.0,0.05,10.0,1.0,0.9999,-1296175015,2.0,1.0,0.03,0.05,0.05,100.0
263,0.0,1.0,262,1.0,0,15,1.0,0.1,0.5,1.0,41,1,1.0,0.5,20.0,20.0,2.0,0.25,0.0,0.05,10.0,1.0,0.9999,-1296166628,2.0,1.0,0.03,0.05,0.05,100.0
270,0.0,1.0,269,1.0,0,15,1.0,0.1,0.5,1.0,41,1,1.0,0.5,20.0,20.0,2.0,0.25,0.0,0.05,10.0,1.0,0.9999,-1296159903,2.0,1.0,0.03,0.05,0.05,100.0
277,0.0,1.0,276,1.0,0,15,1.0,0.1,0.5,1.0,41,1,1.0,0.5,20.0,20.0,2.0,0.25,0.0,0.05,10.0,1.0,0.9999,-1296153277,2.0,1.0,0.03,0.05,0.05,100.0
284,0.0,1.0,283,1.0,0,15,1.0,0.1,0.5,1.0,41,1,1.0,0.5,20.0,20.0,2.0,0.25,0.0,0.05,10.0,1.0,0.9999,-1296144978,2.0,1.0,0.03,0.05,0.05,100.0
3,0.0,1.0,2,1.0,0,15,1.0,0.1,0.5,1.0,41,1,1.0,0.5,20.0,20.0,2.0,0.25,0.0,0.05,10.0,1.0,0.9999,-1296568202,2.0,1.0,0.03,0.05,0.05,100.0
10,0.0,1.0,9,1.0,0,15,1.0,0.1,0.5,1.0,41,1,1.0,0.5,20.0,20.0,2.0,0.25,0.0,0.05,10.0,1.0,0.9999,-1296561277,2.0,1.0,0.03,0.05,0.05,100.0
17,0.0,1.0,16,1.0,0,15,1.0,0.1,0.5,1.0,41,1,1.0,0.5,20.0,20.0,2.0,0.25,0.0,0.05,10.0,1.0,0.9999,-1296557289,2.0,1.0,0.03,0.05,0.05,100.0
24,0.0,1.0,23,1.0,0,15,1.0,0.1,0.5,1.0,41,1,1.0,0.5,20.0,20.0,2.0,0.25,0.0,0.05,10.0,1.0,0.9999,-1296552151,2.0,1.0,0.03,0.05,0.05,100.0
31,0.0,1.0,30,1.0,0,15,1.0,0.1,0.5,1.0,41,1,1.0,0.5,20.0,20.0,2.0,0.25,0.0,0.05,10.0,1.0,0.9999,-1296545639,2.0,1.0,0.03,0.05,0.05,100.0
38,0.0,1.0,37,1.0,0,15,1.0,0.1,0.5,1.0,41,1,1.0,0.5,20.0,20.0,2.0,0.25,0.0,0.05,10.0,1.0,0.9999,-1296538031,2.0,1.0,0.03,0.05,0.05,100.0
45,0.0,1.0,44,1.0,0,15,1.0,0.1,0.5,1.0,41,1,1.0,0.5,20.0,20.0,2.0,0.25,0.0,0.05,10.0,1.0,0.9999,-1296527880,2.0,1.0,0.03,0.05,0.05,100.0
52,0.0,1.0,51,1.0,0,15,1.0,0.1,0.5,1.0,41,1,1.0,0.5,20.0,20.0,2.0,0.25,0.0,0.05,10.0,1.0,0.9999,-1296515778,2.0,1.0,0.03,0.05,0.05,100.0
59,0.0,1.0,58,1.0,0,15,1.0,0.1,0.5,1.0,41,1,1.0,0.5,20.0,20.0,2.0,0.25,0.0,0.05,10.0,1.0,0.9999,-1296501293,2.0,1.0,0.03,0.05,0.05,100.0
66,0.0,1.0,65,1.0,0,15,1.0,0.1,0.5,1.0,41,1,1.0,0.5,20.0,20.0,2.0,0.25,0.0,0.05,10.0,1.0,0.9999,-1296486979,2.0,1.0,0.03,0.05,0.05,100.0
73,0.0,1.0,72,1.0,0,15,1.0,0.1,0.5,1.0,41,1,1.0,0.5,20.0,20.0,2.0,0.25,0.0,0.05,10.0,1.0,0.9999,-1296471648,2.0,1.0,0.03,0.05,0.05,100.0
80,0.0,1.0,79,1.0,0,15,1.0,0.1,0.5,1.0,41,1,1.0,0.5,20.0,20.0,2.0,0.25,0.0,0.05,10.0,1.0,0.9999,-1296456105,2.0,1.0,0.03,0.05,0.05,100.0
87,0.0,1.0,86,1.0,0,15,1.0,0.1,0.5,1.0,41,1,1.0,0.5,20.0,20.0,2.0,0.25,0.0,0.05,10.0,1.0,0.9999,-1296440503,2.0,1.0,0.03,0.05,0.05,100.0
94,0.0,1.0,93,1.0,0,15,1.0,0.1,0.5,1.0,41,1,1.0,0.5,20.0,20.0,2.0,0.25,0.0,0.05,10.0,1.0,0.9999,-1296426045,2.0,1.0,0.03,0.05,0.05,100.0
101,0.0,1.0,100,1.0,0,15,1.0,0.1,0.5,1.0,41,1,1.0,0.5,20.0,20.0,2.0,0.25,0.0,0.05,10.0,1.0,0.9999,-1296412412,2.0,1.0,0.03,0.05,0.05,100.0
108,0.0,1.0,107,1.0,0,15,1.0,0.1,0.5,1.0,41,1,1.0,0.5,20.0,20.0,2.0,0.25,0.0,0.05,10.0,1.0,0.9999,-1296398835,2.0,1.0,0.03,0.05,0.05,100.0
115,0.0,1.0,114,1.0,0,15,1.0,0.1,0.5,1.0,41,1,1.0,0.5,20.0,20.0,2.0,0.25,0.0,0.05,10.0,1.0,0.9999,-1296384328,2.0,1.0,0.03,0.05,0.05,100.0
122,0.0,1.0,121,1.0,0,15,1.0,0.1,0.5,1.0,41,1,1.0,0.5,20.0,20.0,2.0,0.25,0.0,0.05,10.0,1.0,0.9999,-1296370775,2.0,1.0,0.03,0.05,0.05,100.0
129,0.0,1.0,128,1.0,0,15,1.0,0.1,0.5,1.0,41,1,1.0,0.5,20.0,20.0,2.0,0.25,0.0,0.05,10.0,1.0,0.9999,-1296357859,2.0,1.0,0.03,0.05,0.05,100.0
136,0.0,1.0,135,1.0,0,15,1.0,0.1,0.5,1.0,41,1,1.0,0.5,20.0,20.0,2.0,0.25,0.0,0.05,10.0,1.0,0.9999,-1296343403,2.0,1.0,0.03,0.05,0.05,100.0
143,0.0,1.0,142,1.0,0,15,1.0,0.1,0.5,1.0,41,1,1.0,0.5,20.0,20.0,2.0,0.25,0.0,0.05,10.0,1.0,0.9999,-1296330523,2.0,1.0,0.03,0.05,0.05,100.0
150,0.0,1.0,149,1.0,0,15,1.0,0.1,0.5,1.0,41,1,1.0,0.5,20.0,20.0,2.0,0.25,0.0,0.05,10.0,1.0,0.9999,-1296316988,2.0,1.0,0.03,0.05,0.05,100.0
157,0.0,1.0,156,1.0,0,15,1.0,0.1,0.5,1.0,41,1,1.0,0.5,20.0,20.0,2.0,0.25,0.0,0.05,10.0,1.0,0.9999,-1296304134,2.0,1.0,0.03,0.05,0.05,100.0
164,0.0,1.0,163,1.0,0,15,1.0,0.1,0.5,1.0,41,1,1.0,0.5,20.0,20.0,2.0,0.25,0.0,0.05,10.0,1.0,0.9999,-1296292746,2.0,1.0,0.03,0.05,0.05,100.0
171,0.0,1.0,170,1.0,0,15,1.0,0.1,0.5,1.0,41,1,1.0,0.5,20.0,20.0,2.0,0.25,0.0,0.05,10.0,1.0,0.9999,-1296280942,2.0,1.0,0.03,0.05,0.05,100.0
178,0.0,1.0,177,1.0,0,15,1.0,0.1,0.5,1.0,41,1,1.0,0.5,20.0,20.0,2.0,0.25,0.0,0.05,10.0,1.0,0.9999,-1296270649,2.0,1.0,0.03,0.05,0.05,100.0
185,0.0,1.0,184,1.0,0,15,1.0,0.1,0.5,1.0,41,1,1.0,0.5,20.0,20.0,2.0,0.25,0.0,0.05,10.0,1.0,0.9999,-1296260654,2.0,1.0,0.03,0.05,0.05,100.0
192,0.0,1.0,191,1.0,0,15,1.0,0.1,0.5,1.0,41,1,1.0,0.5,20.0,20.0,2.0,0.25,0.0,0.05,10.0,1.0,0.9999,-1296249067,2.0,1.0,0.03,0.05,0.05,100.0
199,0.0,1.0,198,1.0,0,15,1.0,0.1,0.5,1.0,41,1,1.0,0.5,20.0,20.0,2.0,0.25,0.0,0.05,10.0,1.0,0.9999,-1296239558,2.0,1.0,0.03,0.05,0.05,100.0
206,0.0,1.0,205,1.0,0,15,1.0,0.1,0.5,1.0,41,1,1.0,0.5,20.0,20.0,2.0,0.25,0.0,0.05,10.0,1.0,0.9999,-1296229827,2.0,1.0,0.03,0.05,0.05,100.0
213,0.0,1.0,212,1.0,0,15,1.0,0.1,0.5,1.0,41,1,1.0,0.5,20.0,20.0,2.0,0.25,0.0,0.05,10.0,1.0,0.9999,-1296221473,2.0,1.0,0.03,0.05,0.05,100.0
220,0.0,1.0,219,1.0,0,15,1.0,0.1,0.5,1.0,41,1,1.0,0.5,20.0,20.0,2.0,0.25,0.0,0.05,10.0,1.0,0.9999,-1296212738,2.0,1.0,0.03,0.05,0.05,100.0
227,0.0,1.0,226,1.0,0,15,1.0,0.1,0.5,1.0,41,1,1.0,0.5,20.0,20.0,2.0,0.25,0.0,0.05,10.0,1.0,0.9999,-1296204473,2.0,1.0,0.03,0.05,0.05,100.0
234,0.0,1.0,233,1.0,0,15,1.0,0.1,0.5,1.0,41,1,1.0,0.5,20.0,20.0,2.0,0.25,0.0,0.05,10.0,1.0,0.9999,-1296197482,2.0,1.0,0.03,0.05,0.05,100.0
241,0.0,1.0,240,1.0,0,15,1.0,0.1,0.5,1.0,41,1,1.0,0.5,20.0,20.0,2.0,0.25,0.0,0.05,10.0,1.0,0.9999,-1296189850,2.0,1.0,0.03,0.05,0.05,100.0
248,0.0,1.0,247,1.0,0,15,1.0,0.1,0.5,1.0,41,1,1.0,0.5,20.0,20.0,2.0,0.25,0.0,0.05,10.0,1.0,0.9999,-1296182264,2.0,1.0,0.03,0.05,0.05,100.0
255,0.0,1.0,254,1.0,0,15,1.0,0.1,0.5,1.0,41,1,1.0,0.5,20.0,20.0,2.0,0.25,0.0,0.05,10.0,1.0,0.9999,-1296174003,2.0,1.0,0.03,0.05,0.05,100.0
262,0.0,1.0,261,1.0,0,15,1.0,0.1,0.5,1.0,41,1,1.0,0.5,20.0,20.0,2.0,0.25,0.0,0.05,10.0,1.0,0.9999,-1296166850,2.0,1.0,0.03,0.05,0.05,100.0
269,0.0,1.0,268,1.0,0,15,1.0,0.1,0.5,1.0,41,1,1.0,0.5,20.0,20.0,2.0,0.25,0.0,0.05,10.0,1.0,0.9999,-1296159242,2.0,1.0,0.03,0.05,0.05,100.0
276,0.0,1.0,275,1.0,0,15,1.0,0.1,0.5,1.0,41,1,1.0,0.5,20.0,20.0,2.0,0.25,0.0,0.05,10.0,1.0,0.9999,-1296152113,2.0,1.0,0.03,0.05,0.05,100.0
283,0.0,1.0,282,1.0,0,15,1.0,0.1,0.5,1.0,41,1,1.0,0.5,20.0,20.0,2.0,0.25,0.0,0.05,10.0,1.0,0.9999,-1296143727,2.0,1.0,0.03,0.05,0.05,100.0
2,0.0,1.0,1,1.0,0,15,1.0,0.1,0.5,1.0,41,1,1.0,0.5,20.0,20.0,2.0,0.25,0.0,0.05,10.0,1.0,0.9999,-1296569813,2.0,1.0,0.03,0.05,0.05,100.0
9,0.0,1.0,8,1.0,0,15,1.0,0.1,0.5,1.0,41,1,1.0,0.5,20.0,20.0,2.0,0.25,0.0,0.05,10.0,1.0,0.9999,-1296562683,2.0,1.0,0.03,0.05,0.05,100.0
16,0.0,1.0,15,1.0,0,15,1.0,0.1,0.5,1.0,41,1,1.0,0.5,20.0,20.0,2.0,0.25,0.0,0.05,10.0,1.0,0.9999,-1296558890,2.0,1.0,0.03,0.05,0.05,100.0
23,0.0,1.0,22,1.0,0,15,1.0,0.1,0.5,1.0,41,1,1.0,0.5,20.0,20.0,2.0,0.25,0.0,0.05,10.0,1.0,0.9999,-1296554350,2.0,1.0,0.03,0.05,0.05,100.0
30,0.0,1.0,29,1.0,0,15,1.0,0.1,0.5,1.0,41,1,1.0,0.5,20.0,20.0,2.0,0.25,0.0,0.05,10.0,1.0,0.9999,-1296548533,2.0,1.0,0.03,0.05,0.05,100.0
37,0.0,1.0,36,1.0,0,15,1.0,0.1,0.5,1.0,41,1,1.0,0.5,20.0,20.0,2.0,0.25,0.0,0.05,10.0,1.0,0.9999,-1296541140,2.0,1.0,0.03,0.05,0.05,100.0
44,0.0,1.0,43,1.0,0,15,1.0,0.1,0.5,1.0,41,1,1.0,0.5,20.0,20.0,2.0,0.25,0.0,0.05,10.0,1.0,0.9999,-1296532068,2.0,1.0,0.03,0.05,0.05,100.0
51,0.0,1.0,50,1.0,0,15,1.0,0.1,0.5,1.0,41,1,1.0,0.5,20.0,20.0,2.0,0.25,0.0,0.05,10.0,1.0,0.9999,-1296520880,2.0,1.0,0.03,0.05,0.05,100.0
58,0.0,1.0,57,1.0,0,15,1.0,0.1,0.5,1.0,41,1,1.0,0.5,20.0,20.0,2.0,0.25,0.0,0.05,10.0,1.0,0.9999,-1296507328,2.0,1.0,0.03,0.05,0.05,100.0
65,0.0,1.0,64,1.0,0,15,1.0,0.1,0.5,1.0,41,1,1.0,0.5,20.0,20.0,2.0,0.25,0.0,0.05,10.0,1.0,0.9999,-1296493063,2.0,1.0,0.03,0.05,0.05,100.0
72,0.0,1.0,71,1.0,0,15,1.0,0.1,0.5,1.0,41,1,1.0,0.5,20.0,20.0,2.0,0.25,0.0,0.05,10.0,1.0,0.9999,-1296478107,2.0,1.0,0.03,0.05,0.05,100.0
79,0.0,1.0,78,1.0,0,15,1.0,0.1,0.5,1.0,41,1,1.0,0.5,20.0,20.0,2.0,0.25,0.0,0.05,10.0,1.0,0.9999,-1296462857,2.0,1.0,0.03,0.05,0.05,100.0
86,0.0,1.0,85,1.0,0,15,1.0,0.1,0.5,1.0,41,1,1.0,0.5,20.0,20.0,2.0,0.25,0.0,0.05,10.0,1.0,0.9999,-1296447284,2.0,1.0,0.03,0.05,0.05,100.0
93,0.0,1.0,92,1.0,0,15,1.0,0.1,0.5,1.0,41,1,1.0,0.5,20.0,20.0,2.0,0.25,0.0,0.05,10.0,1.0,0.9999,-1296432852,2.0,1.0,0.03,0.05,0.05,100.0
100,0.0,1.0,99,1.0,0,15,1.0,0.1,0.5,1.0,41,1,1.0,0.5,20.0,20.0,2.0,0.25,0.0,0.05,10.0,1.0,0.9999,-1296419372,2.0,1.0,0.03,0.05,0.05,100.0
107,0.0,1.0,106,1.0,0,15,1.0,0.1,0.5,1.0,41,1,1.0,0.5,20.0,20.0,2.0,0.25,0.0,0.05,10.0,1.0,0.9999,-1296405586,2.0,1.0,0.03,0.05,0.05,100.0
114,0.0,1.0,113,1.0,0,15,1.0,0.1,0.5,1.0,41,1,1.0,0.5,20.0,20.0,2.0,0.25,0.0,0.05,10.0,1.0,0.9999,-1296391952,2.0,1.0,0.03,0.05,0.05,100.0
121,0.0,1.0,120,1.0,0,15,1.0,0.1,0.5,1.0,41,1,1.0,0.5,20.0,20.0,2.0,0.25,0.0,0.05,10.0,1.0,0.9999,-1296377557,2.0,1.0,0.03,0.05,0.05,100.0
128,0.0,1.0,127,1.0,0,15,1.0,0.1,0.5,1.0,41,1,1.0,0.5,20.0,20.0,2.0,0.25,0.0,0.05,10.0,1.0,0.9999,-1296364645,2.0,1.0,0.03,0.05,0.05,100.0
135,0.0,1.0,134,1.0,0,15,1.0,0.1,0.5,1.0,41,1,1.0,0.5,20.0,20.0,2.0,0.25,0.0,0.05,10.0,1.0,0.9999,-1296350740,2.0,1.0,0.03,0.05,0.05,100.0
142,0.0,1.0,141,1.0,0,15,1.0,0.1,0.5,1.0,41,1,1.0,0.5,20.0,20.0,2.0,0.25,0.0,0.05,10.0,1.0,0.9999,-1296337806,2.0,1.0,0.03,0.05,0.05,100.0
149,0.0,1.0,148,1.0,0,15,1.0,0.1,0.5,1.0,41,1,1.0,0.5,20.0,20.0,2.0,0.25,0.0,0.05,10.0,1.0,0.9999,-1296324835,2.0,1.0,0.03,0.05,0.05,100.0
156,0.0,1.0,155,1.0,0,15,1.0,0.1,0.5,1.0,41,1,1.0,0.5,20.0,20.0,2.0,0.25,0.0,0.05,10.0,1.0,0.9999,-1296312229,2.0,1.0,0.03,0.05,0.05,100.0
163,0.0,1.0,162,1.0,0,15,1.0,0.1,0.5,1.0,41,1,1.0,0.5,20.0,20.0,2.0,0.25,0.0,0.05,10.0,1.0,0.9999,-1296298823,2.0,1.0,0.03,0.05,0.05,100.0
170,0.0,1.0,169,1.0,0,15,1.0,0.1,0.5,1.0,41,1,1.0,0.5,20.0,20.0,2.0,0.25,0.0,0.05,10.0,1.0,0.9999,-1296287477,2.0,1.0,0.03,0.05,0.05,100.0
177,0.0,1.0,176,1.0,0,15,1.0,0.1,0.5,1.0,41,1,1.0,0.5,20.0,20.0,2.0,0.25,0.0,0.05,10.0,1.0,0.9999,-1296276919,2.0,1.0,0.03,0.05,0.05,100.0
184,0.0,1.0,183,1.0,0,15,1.0,0.1,0.5,1.0,41,1,1.0,0.5,20.0,20.0,2.0,0.25,0.0,0.05,10.0,1.0,0.9999,-1296266469,2.0,1.0,0.03,0.05,0.05,100.0
191,0.0,1.0,190,1.0,0,15,1.0,0.1,0.5,1.0,41,1,1.0,0.5,20.0,20.0,2.0,0.25,0.0,0.05,10.0,1.0,0.9999,-1296255785,2.0,1.0,0.03,0.05,0.05,100.0
198,0.0,1.0,197,1.0,0,15,1.0,0.1,0.5,1.0,41,1,1.0,0.5,20.0,20.0,2.0,0.25,0.0,0.05,10.0,1.0,0.9999,-1296246751,2.0,1.0,0.03,0.05,0.05,100.0
205,0.0,1.0,204,1.0,0,15,1.0,0.1,0.5,1.0,41,1,1.0,0.5,20.0,20.0,2.0,0.25,0.0,0.05,10.0,1.0,0.9999,-1296236761,2.0,1.0,0.03,0.05,0.05,100.0
212,0.0,1.0,211,1.0,0,15,1.0,0.1,0.5,1.0,41,1,1.0,0.5,20.0,20.0,2.0,0.25,0.0,0.05,10.0,1.0,0.9999,-1296227416,2.0,1.0,0.03,0.05,0.05,100.0
219,0.0,1.0,218,1.0,0,15,1.0,0.1,0.5,1.0,41,1,1.0,0.5,20.0,20.0,2.0,0.25,0.0,0.05,10.0,1.0,0.9999,-1296218419,2.0,1.0,0.03,0.05,0.05,100.0
226,0.0,1.0,225,1.0,0,15,1.0,0.1,0.5,1.0,41,1,1.0,0.5,20.0,20.0,2.0,0.25,0.0,0.05,10.0,1.0,0.9999,-1296210387,2.0,1.0,0.03,0.05,0.05,100.0
233,0.0,1.0,232,1.0,0,15,1.0,0.1,0.5,1.0,41,1,1.0,0.5,20.0,20.0,2.0,0.25,0.0,0.05,10.0,1.0,0.9999,-1296202949,2.0,1.0,0.03,0.05,0.05,100.0
240,0.0,1.0,239,1.0,0,15,1.0,0.1,0.5,1.0,41,1,1.0,0.5,20.0,20.0,2.0,0.25,0.0,0.05,10.0,1.0,0.9999,-1296194940,2.0,1.0,0.03,0.05,0.05,100.0
247,0.0,1.0,246,1.0,0,15,1.0,0.1,0.5,1.0,41,1,1.0,0.5,20.0,20.0,2.0,0.25,0.0,0.05,10.0,1.0,0.9999,-1296187717,2.0,1.0,0.03,0.05,0.05,100.0
254,0.0,1.0,253,1.0,0,15,1.0,0.1,0.5,1.0,41,1,1.0,0.5,20.0,20.0,2.0,0.25,0.0,0.05,10.0,1.0,0.9999,-1296180166,2.0,1.0,0.03,0.05,0.05,100.0
261,0.0,1.0,260,1.0,0,15,1.0,0.1,0.5,1.0,41,1,1.0,0.5,20.0,20.0,2.0,0.25,0.0,0.05,10.0,1.0,0.9999,-1296172905,2.0,1.0,0.03,0.05,0.05,100.0
268,0.0,1.0,267,1.0,0,15,1.0,0.1,0.5,1.0,41,1,1.0,0.5,20.0,20.0,2.0,0.25,0.0,0.05,10.0,1.0,0.9999,-1296165180,2.0,1.0,0.03,0.05,0.05,100.0
275,0.0,1.0,274,1.0,0,15,1.0,0.1,0.5,1.0,41,1,1.0,0.5,20.0,20.0,2.0,0.25,0.0,0.05,10.0,1.0,0.9999,-1296158050,2.0,1.0,0.03,0.05,0.05,100.0
282,0.0,1.0,281,1.0,0,15,1.0,0.1,0.5,1.0,41,1,1.0,0.5,20.0,20.0,2.0,0.25,0.0,0.05,10.0,1.0,0.9999,-1296149986,2.0,1.0,0.03,0.05,0.05,100.0
289,0.0,1.0,288,1.0,0,15,1.0,0.1,0.5,1.0,41,1,1.0,0.5,20.0,20.0,2.0,0.25,0.0,0.05,10.0,1.0,0.9999,-1296142212,2.0,1.0,0.03,0.05,0.05,100.0
1,0.0,1.0,0,1.0,0,15,1.0,0.1,0.5,1.0,41,1,1.0,0.5,20.0,20.0,2.0,0.25,0.0,0.05,10.0,1.0,0.9999,-1296568872,2.0,1.0,0.03,0.05,0.05,100.0
8,0.0,1.0,7,1.0,0,15,1.0,0.1,0.5,1.0,41,1,1.0,0.5,20.0,20.0,2.0,0.25,0.0,0.05,10.0,1.0,0.9999,-1296561767,2.0,1.0,0.03,0.05,0.05,100.0
15,0.0,1.0,14,1.0,0,15,1.0,0.1,0.5,1.0,41,1,1.0,0.5,20.0,20.0,2.0,0.25,0.0,0.05,10.0,1.0,0.9999,-1296557520,2.0,1.0,0.03,0.05,0.05,100.0
22,0.0,1.0,21,1.0,0,15,1.0,0.1,0.5,1.0,41,1,1.0,0.5,20.0,20.0,2.0,0.25,0.0,0.05,10.0,1.0,0.9999,-1296552508,2.0,1.0,0.03,0.05,0.05,100.0
29,0.0,1.0,28,1.0,0,15,1.0,0.1,0.5,1.0,41,1,1.0,0.5,20.0,20.0,2.0,0.25,0.0,0.05,10.0,1.0,0.9999,-1296545189,2.0,1.0,0.03,0.05,0.05,100.0
36,0.0,1.0,35,1.0,0,15,1.0,0.1,0.5,1.0,41,1,1.0,0.5,20.0,20.0,2.0,0.25,0.0,0.05,10.0,1.0,0.9999,-1296537616,2.0,1.0,0.03,0.05,0.05,100.0
43,0.0,1.0,42,1.0,0,15,1.0,0.1,0.5,1.0,41,1,1.0,0.5,20.0,20.0,2.0,0.25,0.0,0.05,10.0,1.0,0.9999,-1296528908,2.0,1.0,0.03,0.05,0.05,100.0
50,0.0,1.0,49,1.0,0,15,1.0,0.1,0.5,1.0,41,1,1.0,0.5,20.0,20.0,2.0,0.25,0.0,0.05,10.0,1.0,0.9999,-1296518314,2.0,1.0,0.03,0.05,0.05,100.0
57,0.0,1.0,56,1.0,0,15,1.0,0.1,0.5,1.0,41,1,1.0,0.5,20.0,20.0,2.0,0.25,0.0,0.05,10.0,1.0,0.9999,-1296504940,2.0,1.0,0.03,0.05,0.05,100.0
64,0.0,1.0,63,1.0,0,15,1.0,0.1,0.5,1.0,41,1,1.0,0.5,20.0,20.0,2.0,0.25,0.0,0.05,10.0,1.0,0.9999,-1296491223,2.0,1.0,0.03,0.05,0.05,100.0
71,0.0,1.0,70,1.0,0,15,1.0,0.1,0.5,1.0,41,1,1.0,0.5,20.0,20.0,2.0,0.25,0.0,0.05,10.0,1.0,0.9999,-1296476297,2.0,1.0,0.03,0.05,0.05,100.0
78,0.0,1.0,77,1.0,0,15,1.0,0.1,0.5,1.0,41,1,1.0,0.5,20.0,20.0,2.0,0.25,0.0,0.05,10.0,1.0,0.9999,-1296462040,2.0,1.0,0.03,0.05,0.05,100.0
85,0.0,1.0,84,1.0,0,15,1.0,0.1,0.5,1.0,41,1,1.0,0.5,20.0,20.0,2.0,0.25,0.0,0.05,10.0,1.0,0.9999,-1296447209,2.0,1.0,0.03,0.05,0.05,100.0
92,0.0,1.0,91,1.0,0,15,1.0,0.1,0.5,1.0,41,1,1.0,0.5,20.0,20.0,2.0,0.25,0.0,0.05,10.0,1.0,0.9999,-1296433382,2.0,1.0,0.03,0.05,0.05,100.0
99,0.0,1.0,98,1.0,0,15,1.0,0.1,0.5,1.0,41,1,1.0,0.5,20.0,20.0,2.0,0.25,0.0,0.05,10.0,1.0,0.9999,-1296418592,2.0,1.0,0.03,0.05,0.05,100.0
106,0.0,1.0,105,1.0,0,15,1.0,0.1,0.5,1.0,41,1,1.0,0.5,20.0,20.0,2.0,0.25,0.0,0.05,10.0,1.0,0.9999,-1296403753,2.0,1.0,0.03,0.05,0.05,100.0
113,0.0,1.0,112,1.0,0,15,1.0,0.1,0.5,1.0,41,1,1.0,0.5,20.0,20.0,2.0,0.25,0.0,0.05,10.0,1.0,0.9999,-1296389618,2.0,1.0,0.03,0.05,0.05,100.0
120,0.0,1.0,119,1.0,0,15,1.0,0.1,0.5,1.0,41,1,1.0,0.5,20.0,20.0,2.0,0.25,0.0,0.05,10.0,1.0,0.9999,-1296376240,2.0,1.0,0.03,0.05,0.05,100.0
127,0.0,1.0,126,1.0,0,15,1.0,0.1,0.5,1.0,41,1,1.0,0.5,20.0,20.0,2.0,0.25,0.0,0.05,10.0,1.0,0.9999,-1296362776,2.0,1.0,0.03,0.05,0.05,100.0
134,0.0,1.0,133,1.0,0,15,1.0,0.1,0.5,1.0,41,1,1.0,0.5,20.0,20.0,2.0,0.25,0.0,0.05,10.0,1.0,0.9999,-1296348852,2.0,1.0,0.03,0.05,0.05,100.0
141,0.0,1.0,140,1.0,0,15,1.0,0.1,0.5,1.0,41,1,1.0,0.5,20.0,20.0,2.0,0.25,0.0,0.05,10.0,1.0,0.9999,-1296334023,2.0,1.0,0.03,0.05,0.05,100.0
148,0.0,1.0,147,1.0,0,15,1.0,0.1,0.5,1.0,41,1,1.0,0.5,20.0,20.0,2.0,0.25,0.0,0.05,10.0,1.0,0.9999,-1296321140,2.0,1.0,0.03,0.05,0.05,100.0
155,0.0,1.0,154,1.0,0,15,1.0,0.1,0.5,1.0,41,1,1.0,0.5,20.0,20.0,2.0,0.25,0.0,0.05,10.0,1.0,0.9999,-1296307505,2.0,1.0,0.03,0.05,0.05,100.0
162,0.0,1.0,161,1.0,0,15,1.0,0.1,0.5,1.0,41,1,1.0,0.5,20.0,20.0,2.0,0.25,0.0,0.05,10.0,1.0,0.9999,-1296294190,2.0,1.0,0.03,0.05,0.05,100.0
169,0.0,1.0,168,1.0,0,15,1.0,0.1,0.5,1.0,41,1,1.0,0.5,20.0,20.0,2.0,0.25,0.0,0.05,10.0,1.0,0.9999,-1296283030,2.0,1.0,0.03,0.05,0.05,100.0
176,0.0,1.0,175,1.0,0,15,1.0,0.1,0.5,1.0,41,1,1.0,0.5,20.0,20.0,2.0,0.25,0.0,0.05,10.0,1.0,0.9999,-1296272022,2.0,1.0,0.03,0.05,0.05,100.0
183,0.0,1.0,182,1.0,0,15,1.0,0.1,0.5,1.0,41,1,1.0,0.5,20.0,20.0,2.0,0.25,0.0,0.05,10.0,1.0,0.9999,-1296260577,2.0,1.0,0.03,0.05,0.05,100.0
190,0.0,1.0,189,1.0,0,15,1.0,0.1,0.5,1.0,41,1,1.0,0.5,20.0,20.0,2.0,0.25,0.0,0.05,10.0,1.0,0.9999,-1296249658,2.0,1.0,0.03,0.05,0.05,100.0
197,0.0,1.0,196,1.0,0,15,1.0,0.1,0.5,1.0,41,1,1.0,0.5,20.0,20.0,2.0,0.25,0.0,0.05,10.0,1.0,0.9999,-1296239223,2.0,1.0,0.03,0.05,0.05,100.0
204,0.0,1.0,203,1.0,0,15,1.0,0.1,0.5,1.0,41,1,1.0,0.5,20.0,20.0,2.0,0.25,0.0,0.05,10.0,1.0,0.9999,-1296230441,2.0,1.0,0.03,0.05,0.05,100.0
211,0.0,1.0,210,1.0,0,15,1.0,0.1,0.5,1.0,41,1,1.0,0.5,20.0,20.0,2.0,0.25,0.0,0.05,10.0,1.0,0.9999,-1296221103,2.0,1.0,0.03,0.05,0.05,100.0
218,0.0,1.0,217,1.0,0,15,1.0,0.1,0.5,1.0,41,1,1.0,0.5,20.0,20.0,2.0,0.25,0.0,0.05,10.0,1.0,0.9999,-1296212358,2.0,1.0,0.03,0.05,0.05,100.0
225,0.0,1.0,224,1.0,0,15,1.0,0.1,0.5,1.0,41,1,1.0,0.5,20.0,20.0,2.0,0.25,0.0,0.05,10.0,1.0,0.9999,-1296205840,2.0,1.0,0.03,0.05,0.05,100.0
232,0.0,1.0,231,1.0,0,15,1.0,0.1,0.5,1.0,41,1,1.0,0.5,20.0,20.0,2.0,0.25,0.0,0.05,10.0,1.0,0.9999,-1296197646,2.0,1.0,0.03,0.05,0.05,100.0
239,0.0,1.0,238,1.0,0,15,1.0,0.1,0.5,1.0,41,1,1.0,0.5,20.0,20.0,2.0,0.25,0.0,0.05,10.0,1.0,0.9999,-1296190367,2.0,1.0,0.03,0.05,0.05,100.0
246,0.0,1.0,245,1.0,0,15,1.0,0.1,0.5,1.0,41,1,1.0,0.5,20.0,20.0,2.0,0.25,0.0,0.05,10.0,1.0,0.9999,-1296182780,2.0,1.0,0.03,0.05,0.05,100.0
253,0.0,1.0,252,1.0,0,15,1.0,0.1,0.5,1.0,41,1,1.0,0.5,20.0,20.0,2.0,0.25,0.0,0.05,10.0,1.0,0.9999,-1296174605,2.0,1.0,0.03,0.05,0.05,100.0
260,0.0,1.0,259,1.0,0,15,1.0,0.1,0.5,1.0,41,1,1.0,0.5,20.0,20.0,2.0,0.25,0.0,0.05,10.0,1.0,0.9999,-1296166530,2.0,1.0,0.03,0.05,0.05,100.0
267,0.0,1.0,266,1.0,0,15,1.0,0.1,0.5,1.0,41,1,1.0,0.5,20.0,20.0,2.0,0.25,0.0,0.05,10.0,1.0,0.9999,-1296160011,2.0,1.0,0.03,0.05,0.05,100.0
274,0.0,1.0,273,1.0,0,15,1.0,0.1,0.5,1.0,41,1,1.0,0.5,20.0,20.0,2.0,0.25,0.0,0.05,10.0,1.0,0.9999,-1296152453,2.0,1.0,0.03,0.05,0.05,100.0
281,0.0,1.0,280,1.0,0,15,1.0,0.1,0.5,1.0,41,1,1.0,0.5,20.0,20.0,2.0,0.25,0.0,0.05,10.0,1.0,0.9999,-1296144820,2.0,1.0,0.03,0.05,0.05,100.0
288,0.0,1.0,287,1.0,0,15,1.0,0.1,0.5,1.0,41,1,1.0,0.5,20.0,20.0,2.0,0.25,0.0,0.05,10.0,1.0,0.9999,-1296137580,2.0,1.0,0.03,0.05,0.05,100.0
